Idade,Gênero,Dia,FIELD4,Alcance,Impressões,Quantia gasta (BRL),Cliques no link,Visualizações por página,Compras no website,Compras no facebook,Adicionados ao carrinho,Valor de conversão adicionado ao carrinho,Checkouts Iniciados,Valor de conversão de checkouts iniciados,Valor de conversão de compras,Compras
45-54,Feminino,2021-07-31,0.0,1116.0,1489.0,"9,42","24,00","20,00",0,0.0,"1,00","63,90","1,00",0.0,0,0
35-44,Outros,2021-07-31,0.0,4.0,5.0,"0,03",0,0,0,0.0,0,0,0,0.0,0,0
45-54,Outros,2021-07-31,0.0,3.0,3.0,0,0,0,0,0.0,0,0,0,0.0,0,0
65+,Masculino,2021-07-31,0.0,24.0,36.0,"0,11",0,0,0,0.0,0,0,0,0.0,0,0
25,Outros,2021-07-31,0.0,4.0,4.0,"0,01",0,0,0,0.0,0,0,0,0.0,0,0
55-64,Masculino,2021-07-31,0.0,68.0,100.0,"0,81",0,0,0,0.0,0,0,0,0.0,0,0
65+,Feminino,2021-07-31,0.0,84.0,98.0,"0,51","3,00","1,00",0,0.0,0,0,0,0.0,0,0
18-24,Masculino,2021-07-31,0.0,288.0,365.0,"1,27",0,0,0,0.0,0,0,0,0.0,0,0
55-64,Feminino,2021-07-31,0.0,344.0,371.0,"2,38","6,00","4,00","1,00",0.0,"3,00","329,50","2,00",0.0,"151,80","1,00"
45-54,Masculino,2021-07-31,0.0,292.0,374.0,"3,02","7,00","6,00",0,0.0,0,0,0,0.0,0,0
25-34,Masculino,2021-07-31,0.0,1016.0,1412.0,"4,59","6,00","6,00","1,00",0.0,"5,00","249,20","4,00",0.0,"79,80","1,00"
18-24,Feminino,2021-07-31,0.0,1112.0,1352.0,"3,69","3,00","1,00",0,0.0,0,0,0,0.0,0,0
25-34,Feminino,2021-07-31,0.0,3932.0,5089.0,"19,54","42,00","27,00","3,00",0.0,"24,00","3290,90","17,00",0.0,"464,80","3,00"
55-64,Outros,2021-07-31,0.0,0.0,1.0,0,0,0,0,0.0,0,0,0,0.0,0,0
65+,Outros,2021-07-31,0.0,0.0,1.0,0,0,0,0,0.0,0,0,0,0.0,0,0
35-44,Masculino,2021-07-31,0.0,852.0,1165.0,"4,86","5,00","4,00",0,0.0,0,0,0,0.0,0,0
18-24,Outros,2021-07-31,0.0,0.0,2.0,0,0,0,0,0.0,0,0,0,0.0,0,0
35-44,Feminino,2021-07-31,0.0,3292.0,4247.0,"22,42","45,00","32,00","1,00",0.0,"15,00","1344,30","6,00",0.0,"157,19","1,00"
25-34,Masculino,2021-07-30,0.0,1048.0,1439.0,"4,78","6,00","4,00",0,0.0,0,0,0,0.0,0,0
45-54,Masculino,2021-07-30,0.0,372.0,494.0,"4,63","11,00","5,00",0,0.0,0,0,0,0.0,0,0
18-24,Masculino,2021-07-30,0.0,236.0,283.0,"0,64","1,00","1,00",0,0.0,0,0,0,0.0,0,0
65+,Feminino,2021-07-30,0.0,96.0,114.0,"0,87","2,00","2,00",0,0.0,0,0,0,0.0,0,0
55-64,Masculino,2021-07-30,0.0,121.0,121.0,"1,54",0,0,0,0.0,0,0,0,0.0,0,0
35-44,Masculino,2021-07-30,0.0,1064.0,1302.0,"7,00","17,00","12,00",0,0.0,"1,00","65,90","1,00",0.0,0,0
25-34,Outros,2021-07-30,0.0,5.0,5.0,0,"1,00",0,0,0.0,0,0,0,0.0,0,0
65+,Masculino,2021-07-30,0.0,44.0,47.0,"0,32","1,00",0,0,0.0,0,0,0,0.0,0,0
18-24,Feminino,2021-07-30,0.0,1048.0,1146.0,"2,12","4,00","3,00",0,0.0,0,0,0,0.0,0,0
35-44,Feminino,2021-07-30,0.0,3708.0,4748.0,"27,12","62,00","50,00","3,00",0.0,"14,00","1239,80","11,00",0.0,"415,30","3,00"
25-34,Feminino,2021-07-30,0.0,3892.0,4728.0,"16,42","46,00","33,00","1,00",0.0,"14,00","1059,50","11,00",0.0,"59,80","1,00"
45-54,Feminino,2021-07-30,0.0,1328.0,1714.0,"14,18","32,00","26,00",0,0.0,0,0,0,0.0,0,0
45-54,Outros,2021-07-30,0.0,3.0,3.0,"0,06",0,0,0,0.0,0,0,0,0.0,0,0
55-64,Feminino,2021-07-30,0.0,356.0,451.0,"5,23","8,00","8,00",0,0.0,0,0,0,0.0,0,0
18-24,Outros,2021-07-30,0.0,0.0,1.0,"0,01",0,0,0,0.0,0,0,0,0.0,0,0
35-44,Outros,2021-07-30,0.0,0.0,4.0,"0,02","1,00","1,00",0,0.0,0,0,0,0.0,0,0
55-64,Masculino,2021-07-29,0.0,116.0,138.0,"1,16","3,00","3,00",0,0.0,0,0,0,0.0,0,0
65+,Outros,2021-07-29,0.0,0.0,1.0,0,0,0,0,0.0,0,0,0,0.0,0,0
18-24,Outros,2021-07-29,0.0,0.0,1.0,0,0,0,0,0.0,0,0,0,0.0,0,0
55-64,Feminino,2021-07-29,0.0,340.0,451.0,"4,80","9,00","7,00",0,0.0,0,0,0,0.0,0,0
35-44,Masculino,2021-07-29,0.0,876.0,1058.0,"5,64","8,00","9,00","2,00",0.0,"12,00","1406,70","7,00",0.0,"279,40","2,00"
25-34,Masculino,2021-07-29,0.0,796.0,1073.0,"4,16","8,00","7,00",0,0.0,"2,00","56,81","1,00",0.0,0,0
35-44,Feminino,2021-07-29,0.0,3256.0,4159.0,"25,93","61,00","42,00","2,00",0.0,"8,00","530,60","5,00",0.0,"125,70","2,00"
18-24,Feminino,2021-07-29,0.0,636.0,860.0,"2,12","7,00","6,00",0,0.0,0,0,0,0.0,0,0
25-34,Outros,2021-07-29,0.0,3.0,3.0,"0,01",0,0,0,0.0,0,0,0,0.0,0,0
55-64,Outros,2021-07-29,0.0,1.0,1.0,"0,01",0,0,0,0.0,0,0,0,0.0,0,0
65+,Masculino,2021-07-29,0.0,24.0,35.0,"0,15",0,0,0,0.0,0,0,0,0.0,0,0
18-24,Masculino,2021-07-29,0.0,192.0,239.0,"0,36","1,00","1,00",0,0.0,0,0,0,0.0,0,0
35-44,Outros,2021-07-29,0.0,4.0,5.0,"0,04",0,0,0,0.0,0,0,0,0.0,0,0
65+,Feminino,2021-07-29,0.0,92.0,117.0,"0,74",0,0,0,0.0,0,0,0,0.0,0,0
25-34,Feminino,2021-07-29,0.0,3040.0,3937.0,"15,45","35,00","23,00","1,00",0.0,"9,00","911,70","8,00",0.0,"69,90","1,00"
45-54,Feminino,2021-07-29,0.0,1236.0,1596.0,"15,23","29,00","25,00",0,0.0,"1,00","65,90","1,00",0.0,0,0
45-54,Masculino,2021-07-29,0.0,336.0,419.0,"3,99","12,00","9,00",0,0.0,"3,00","159,60","2,00",0.0,0,0
45-54,Outros,2021-07-29,0.0,6.0,6.0,"0,15",0,0,0,0.0,0,0,0,0.0,0,0
25-34,Feminino,2021-07-28,0.0,1994.0,2791.0,"14,33","36,00","30,00","5,00",0.0,"38,00","4338,80","30,00",0.0,"626,90","5,00"
35-44,Masculino,2021-07-28,0.0,510.0,703.0,"3,75","14,00","9,00","1,00",0.0,"2,00","113,80","2,00",0.0,"49,90","1,00"
45-54,Feminino,2021-07-28,0.0,1238.0,1752.0,"16,94","54,00","39,00","3,00",0.0,"10,00","1099,90","5,00",0.0,"453,30","3,00"
55-64,Feminino,2021-07-28,0.0,328.0,487.0,"5,90","14,00","9,00",0,0.0,"5,00","611,00","3,00",0.0,0,0
18-24,Feminino,2021-07-28,0.0,422.0,516.0,"1,55","1,00","1,00",0,0.0,"1,00","49,90","1,00",0.0,0,0
25-34,Outros,2021-07-28,0.0,4.0,5.0,"0,03",0,0,0,0.0,0,0,0,0.0,0,0
25-34,Masculino,2021-07-28,0.0,448.0,676.0,"3,09","7,00","6,00","1,00",0.0,"4,00","179,50","4,00",0.0,"79,90","1,00"
65+,Feminino,2021-07-28,0.0,104.0,131.0,"0,83","1,00","1,00",0,0.0,0,0,0,0.0,0,0
45-54,Masculino,2021-07-28,0.0,224.0,295.0,"3,28","7,00","6,00","2,00",0.0,"8,00","468,50","4,00",0.0,"139,60","2,00"
18-24,Masculino,2021-07-28,0.0,92.0,151.0,"0,46","1,00",0,0,0.0,0,0,0,0.0,0,0
55-64,Masculino,2021-07-28,0.0,52.0,83.0,"0,67","3,00","3,00",0,0.0,0,0,0,0.0,0,0
65+,Masculino,2021-07-28,0.0,18.0,23.0,"0,05",0,0,0,0.0,0,0,0,0.0,0,0
55-64,Outros,2021-07-28,0.0,2.0,2.0,"0,02",0,0,0,0.0,0,0,0,0.0,0,0
35-44,Feminino,2021-07-28,0.0,2826.0,3962.0,"27,29","74,00","57,00","1,00",0.0,"16,00","1075,70","12,00",0.0,"78,70","1,00"
35-44,Outros,2021-07-28,0.0,2.0,6.0,"0,01",0,0,0,0.0,0,0,0,0.0,0,0
45-54,Outros,2021-07-28,0.0,5.0,5.0,"0,08",0,0,0,0.0,0,0,0,0.0,0,0
18-24,Outros,2021-07-28,0.0,0.0,1.0,0,0,0,0,0.0,0,0,0,0.0,0,0
35-44,Feminino,2021-07-27,0.0,1400.0,1709.0,"9,01","9,00","5,00","2,00",0.0,"16,00","1951,85","11,00",0.0,"298,50","2,00"
25-34,Outros,2021-07-27,0.0,6.0,6.0,"0,03",0,0,0,0.0,0,0,0,0.0,0,0
45-54,Outros,2021-07-27,0.0,1.0,1.0,"0,01",0,0,0,0.0,0,0,0,0.0,0,0
35-44,Masculino,2021-07-27,0.0,1960.0,2161.0,"10,08","13,00","11,00",0,0.0,"20,00","2163,61","11,00",0.0,0,0
45-54,Feminino,2021-07-27,0.0,372.0,449.0,"3,59","10,00","10,00","2,00",0.0,"18,00","1767,30","14,00",0.0,"287,60","2,00"
25-34,Feminino,2021-07-27,0.0,1908.0,2369.0,"10,06","12,00","9,00","2,00",0.0,"5,00","229,40","4,00",0.0,"222,41","2,00"
65+,Outros,2021-07-27,0.0,0.0,1.0,0,0,0,0,0.0,0,0,0,0.0,0,0
18-24,Outros,2021-07-27,0.0,0.0,7.0,"0,01",0,0,0,0.0,0,0,0,0.0,0,0
18-24,Masculino,2021-07-27,0.0,1248.0,1366.0,"2,79","5,00","3,00",0,0.0,0,0,0,0.0,0,0
25-34,Masculino,2021-07-27,0.0,3180.0,3566.0,"12,08","23,00","17,00","2,00",0.0,"11,00","860,20","7,00",0.0,"195,60","2,00"
65+,Feminino,2021-07-27,0.0,40.0,42.0,"0,21","1,00",0,0,0.0,0,0,0,0.0,0,0
18-24,Feminino,2021-07-27,0.0,756.0,897.0,"3,18","2,00","2,00","1,00",0.0,"24,00","3206,90","8,00",0.0,"85,90","1,00"
35-44,Outros,2021-07-27,0.0,4.0,4.0,"0,01",0,0,0,0.0,0,0,0,0.0,0,0
45-54,Masculino,2021-07-27,0.0,380.0,433.0,"3,30","7,00","7,00",0,0.0,"8,00","419,20","8,00",0.0,0,0
65+,Masculino,2021-07-27,0.0,44.0,71.0,"0,32","1,00","1,00",0,0.0,0,0,0,0.0,0,0
55-64,Masculino,2021-07-27,0.0,108.0,112.0,"1,44","2,00",0,0,0.0,0,0,0,0.0,0,0
55-64,Feminino,2021-07-27,0.0,92.0,118.0,"0,83","3,00","2,00",0,0.0,0,0,0,0.0,0,0
25-34,Feminino,2021-07-26,0.0,3432.0,4478.0,"15,81","20,00","15,00","1,00",0.0,"16,00","1915,10","10,00",0.0,"189,60","1,00"
55-64,Feminino,2021-07-26,0.0,188.0,225.0,"1,57","2,00","1,00",0,0.0,0,0,0,0.0,0,0
18-24,Masculino,2021-07-26,0.0,1972.0,2283.0,"3,76","10,00","9,00",0,0.0,0,0,0,0.0,0,0
55-64,Masculino,2021-07-26,0.0,224.0,226.0,"1,81","6,00","3,00",0,0.0,0,0,0,0.0,0,0
18-24,Feminino,2021-07-26,0.0,1132.0,1538.0,"3,92","6,00","4,00","2,00",0.0,"1,00","49,90","1,00",0.0,"141,70","2,00"
65+,Masculino,2021-07-26,0.0,120.0,178.0,"0,78","1,00","1,00",0,0.0,0,0,0,0.0,0,0
45-54,Feminino,2021-07-26,0.0,648.0,977.0,"6,25","12,00","8,00",0,0.0,"1,00","59,90","1,00",0.0,0,0
65+,Feminino,2021-07-26,0.0,60.0,90.0,"0,29",0,0,0,0.0,0,0,0,0.0,0,0
25-34,Outros,2021-07-26,0.0,16.0,17.0,"0,10","1,00","1,00",0,0.0,0,0,0,0.0,0,0
35-44,Outros,2021-07-26,0.0,8.0,12.0,"0,11",0,0,0,0.0,0,0,0,0.0,0,0
65+,Outros,2021-07-26,0.0,2.0,2.0,0,0,0,0,0.0,0,0,0,0.0,0,0
45-54,Outros,2021-07-26,0.0,4.0,4.0,"0,04",0,0,0,0.0,0,0,0,0.0,0,0
55-64,Outros,2021-07-26,0.0,1.0,1.0,"0,01",0,0,0,0.0,0,0,0,0.0,0,0
18-24,Outros,2021-07-26,0.0,0.0,6.0,"0,03",0,0,0,0.0,0,0,0,0.0,0,0
35-44,Masculino,2021-07-26,0.0,4060.0,4886.0,"21,96","38,00","30,00",0,0.0,"8,00","488,50","6,00",0.0,0,0
25-34,Masculino,2021-07-26,0.0,5612.0,6747.0,"19,22","28,00","18,00","2,00",0.0,"4,00","239,60","4,00",0.0,"139,80","2,00"
45-54,Masculino,2021-07-26,0.0,1072.0,1143.0,"8,05","16,00","15,00",0,0.0,"2,00","119,80","2,00",0.0,0,0
35-44,Feminino,2021-07-26,0.0,2716.0,3597.0,"16,54","36,00","24,00","3,00",0.0,"27,00","2293,60","17,00",0.0,"349,10","3,00"
55-64,Feminino,2021-07-25,0.0,164.0,255.0,"1,76","1,00","1,00",0,0.0,"15,00","3573,10","7,00",0.0,0,0
45-54,Masculino,2021-07-25,0.0,948.0,1219.0,"8,72","21,00","18,00","1,00",0.0,"18,00","2284,60","8,00",0.0,"179,70","1,00"
18-24,Feminino,2021-07-25,0.0,1112.0,1441.0,"2,72","3,00","2,00",0,0.0,"2,00","149,70","1,00",0.0,0,0
18-24,Masculino,2021-07-25,0.0,1900.0,2069.0,"3,33","6,00","6,00",0,0.0,0,0,0,0.0,0,0
65+,Outros,2021-07-25,0.0,0.0,2.0,"0,01",0,0,0,0.0,0,0,0,0.0,0,0
45-54,Outros,2021-07-25,0.0,4.0,4.0,"0,06",0,0,0,0.0,0,0,0,0.0,0,0
18-24,Outros,2021-07-25,0.0,4.0,6.0,"0,01",0,0,0,0.0,0,0,0,0.0,0,0
25-34,Outros,2021-07-25,0.0,22.0,22.0,"0,09",0,0,0,0.0,0,0,0,0.0,0,0
35-44,Feminino,2021-07-25,0.0,2904.0,3863.0,"17,72","32,00","24,00",0,0.0,"9,00","787,70","6,00",0.0,0,0
25-34,Feminino,2021-07-25,0.0,3528.0,4957.0,"16,51","18,00","12,00","2,00",0.0,"20,00","2035,20","12,00",0.0,"196,31","2,00"
25-34,Masculino,2021-07-25,0.0,6048.0,7017.0,"17,67","30,00","26,00","1,00",0.0,"4,00","199,60","4,00",0.0,"49,90","1,00"
35-44,Masculino,2021-07-25,0.0,3856.0,4987.0,"20,09","32,00","25,00","1,00",0.0,"16,00","2231,50","7,00",0.0,"199,40","1,00"
65+,Feminino,2021-07-25,0.0,92.0,112.0,"0,50","1,00","1,00",0,0.0,0,0,0,0.0,0,0
45-54,Feminino,2021-07-25,0.0,812.0,1090.0,"6,45","8,00","7,00",0,0.0,"10,00","675,60","5,00",0.0,0,0
65+,Masculino,2021-07-25,0.0,164.0,178.0,"0,75",0,0,0,0.0,0,0,0,0.0,0,0
55-64,Masculino,2021-07-25,0.0,243.0,243.0,"1,75","4,00","4,00",0,0.0,0,0,0,0.0,0,0
35-44,Outros,2021-07-25,0.0,16.0,22.0,"0,04",0,0,0,0.0,0,0,0,0.0,0,0
18-24,Feminino,2021-07-24,0.0,1036.0,1271.0,"2,36","3,00","3,00",0,0.0,"2,00","149,70","1,00",0.0,0,0
25-34,Masculino,2021-07-24,0.0,4888.0,5612.0,"14,08","28,00","23,00",0,0.0,"7,00","598,00","5,00",0.0,0,0
35-44,Feminino,2021-07-24,0.0,3016.0,4238.0,"20,64","23,00","20,00","1,00",0.0,"29,00","3508,00","13,00",0.0,"128,90","1,00"
35-44,Masculino,2021-07-24,0.0,3836.0,4530.0,"19,02","41,00","35,00",0,0.0,"8,00","519,10","8,00",0.0,0,0
25-34,Feminino,2021-07-24,0.0,3768.0,4652.0,"16,45","33,00","24,00","2,00",0.0,"16,00","2184,11","10,00",0.0,"538,51","2,00"
25-34,Outros,2021-07-24,0.0,18.0,18.0,"0,04","1,00","1,00",0,0.0,0,0,0,0.0,0,0
45-54,Masculino,2021-07-24,0.0,960.0,1150.0,"7,75","27,00","25,00","1,00",0.0,"21,00","2575,00","11,00",0.0,"196,21","1,00"
18-24,Masculino,2021-07-24,0.0,1240.0,1346.0,"1,83","4,00","3,00",0,0.0,0,0,0,0.0,0,0
55-64,Feminino,2021-07-24,0.0,192.0,288.0,"2,33","5,00","3,00",0,0.0,0,0,0,0.0,0,0
45-54,Feminino,2021-07-24,0.0,800.0,1139.0,"8,20","11,00","10,00","1,00",0.0,"5,00","298,30","3,00",0.0,"113,91","1,00"
65+,Feminino,2021-07-24,0.0,112.0,121.0,"0,57","1,00",0,0,0.0,0,0,0,0.0,0,0
18-24,Outros,2021-07-24,0.0,10.0,10.0,"0,01",0,0,0,0.0,0,0,0,0.0,0,0
65+,Masculino,2021-07-24,0.0,156.0,181.0,"0,86","2,00","1,00",0,0.0,0,0,0,0.0,0,0
35-44,Outros,2021-07-24,0.0,12.0,16.0,"0,08",0,0,0,0.0,0,0,0,0.0,0,0
65+,Outros,2021-07-24,0.0,2.0,2.0,0,0,0,0,0.0,0,0,0,0.0,0,0
45-54,Outros,2021-07-24,0.0,4.0,5.0,"0,02",0,0,0,0.0,0,0,0,0.0,0,0
55-64,Outros,2021-07-24,0.0,1.0,1.0,0,0,0,0,0.0,0,0,0,0.0,0,0
55-64,Masculino,2021-07-24,0.0,224.0,261.0,"2,41",0,0,0,0.0,0,0,0,0.0,0,0
45-54,Feminino,2021-07-23,0.0,1240.0,1627.0,"12,57","22,00","18,00","1,00",0.0,"4,00","424,80","3,00",0.0,"115,80","1,00"
35-44,Masculino,2021-07-23,0.0,2468.0,3187.0,"14,11","22,00","19,00","1,00",0.0,"6,00","469,10","4,00",0.0,"71,90","1,00"
45-54,Masculino,2021-07-23,0.0,728.0,931.0,"6,25","24,00","22,00",0,0.0,"20,00","2063,70","7,00",0.0,0,0
55-64,Feminino,2021-07-23,0.0,300.0,423.0,"3,54","9,00","6,00",0,0.0,"5,00","429,00","4,00",0.0,0,0
25-34,Masculino,2021-07-23,0.0,2804.0,3716.0,"10,58","22,00","20,00","1,00",0.0,"11,00","1154,61","5,00",0.0,"199,60","1,00"
18-24,Masculino,2021-07-23,0.0,788.0,943.0,"2,07","2,00","2,00",0,0.0,0,0,0,0.0,0,0
65+,Feminino,2021-07-23,0.0,108.0,139.0,"1,07","1,00",0,0,0.0,0,0,0,0.0,0,0
65+,Masculino,2021-07-23,0.0,112.0,123.0,"0,77","2,00","1,00",0,0.0,0,0,0,0.0,0,0
55-64,Masculino,2021-07-23,0.0,168.0,218.0,"1,89","2,00","2,00",0,0.0,0,0,0,0.0,0,0
55-64,Outros,2021-07-23,0.0,1.0,1.0,0,0,0,0,0.0,0,0,0,0.0,0,0
18-24,Outros,2021-07-23,0.0,4.0,6.0,"0,02",0,0,0,0.0,0,0,0,0.0,0,0
25-34,Outros,2021-07-23,0.0,15.0,15.0,0,0,0,0,0.0,0,0,0,0.0,0,0
65+,Outros,2021-07-23,0.0,3.0,3.0,"0,01",0,0,0,0.0,0,0,0,0.0,0,0
45-54,Outros,2021-07-23,0.0,3.0,3.0,"0,02",0,0,0,0.0,0,0,0,0.0,0,0
35-44,Outros,2021-07-23,0.0,12.0,12.0,"0,10",0,0,0,0.0,0,0,0,0.0,0,0
18-24,Feminino,2021-07-23,0.0,1348.0,1641.0,"3,51","6,00","3,00",0,0.0,0,0,0,0.0,0,0
25-34,Feminino,2021-07-23,0.0,3840.0,5474.0,"19,61","27,00","23,00","1,00",0.0,"15,00","1377,20","13,00",0.0,"79,90","1,00"
35-44,Feminino,2021-07-23,0.0,3616.0,5356.0,"28,17","46,00","36,00","1,00",0.0,"29,00","1895,60","22,00",0.0,"89,90","1,00"
45-54,Outros,2021-07-22,0.0,2.0,2.0,"0,02",0,0,0,0.0,0,0,0,0.0,0,0
65+,Outros,2021-07-22,0.0,0.0,1.0,"0,01",0,0,0,0.0,0,0,0,0.0,0,0
18-24,Outros,2021-07-22,0.0,0.0,5.0,0,0,0,0,0.0,0,0,0,0.0,0,0
45-54,Masculino,2021-07-22,0.0,552.0,684.0,"4,92","11,00","10,00",0,0.0,0,0,0,0.0,0,0
18-24,Feminino,2021-07-22,0.0,1260.0,1549.0,"3,34","6,00","6,00","1,00",0.0,"7,00","628,50","7,00",0.0,"79,80","1,00"
35-44,Feminino,2021-07-22,0.0,4268.0,5775.0,"29,38","38,00","32,00","1,00",0.0,"5,00","408,90","3,00",0.0,"192,31","1,00"
45-54,Feminino,2021-07-22,0.0,1488.0,1899.0,"13,64","30,00","25,00",0,0.0,"9,00","1286,30","6,00",0.0,0,0
35-44,Masculino,2021-07-22,0.0,1848.0,2423.0,"10,94","20,00","18,00",0,0.0,0,0,0,0.0,0,0
25-34,Feminino,2021-07-22,0.0,4440.0,5846.0,"17,97","22,00","16,00",0,0.0,"4,00","339,40","3,00",0.0,0,0
65+,Feminino,2021-07-22,0.0,108.0,149.0,"1,61","2,00","3,00",0,0.0,0,0,0,0.0,0,0
25-34,Outros,2021-07-22,0.0,11.0,11.0,"0,07",0,0,0,0.0,0,0,0,0.0,0,0
35-44,Outros,2021-07-22,0.0,8.0,12.0,"0,04","1,00","1,00",0,0.0,0,0,0,0.0,0,0
55-64,Masculino,2021-07-22,0.0,120.0,147.0,"1,16","5,00","4,00","1,00",0.0,"8,00","797,80","4,00",0.0,"109,70","1,00"
65+,Masculino,2021-07-22,0.0,48.0,50.0,"0,24","2,00","1,00",0,0.0,0,0,0,0.0,0,0
55-64,Feminino,2021-07-22,0.0,340.0,453.0,"4,05","11,00","5,00",0,0.0,0,0,0,0.0,0,0
18-24,Masculino,2021-07-22,0.0,336.0,558.0,"1,45","2,00","1,00",0,0.0,"4,00","279,40","2,00",0.0,0,0
25-34,Masculino,2021-07-22,0.0,2012.0,2564.0,"7,87","13,00","9,00",0,0.0,"2,00","89,70","1,00",0.0,0,0
18-24,Outros,2021-07-21,0.0,0.0,4.0,"0,01",0,0,0,0.0,0,0,0,0.0,0,0
55-64,Outros,2021-07-21,0.0,0.0,1.0,"0,01",0,0,0,0.0,0,0,0,0.0,0,0
25-34,Masculino,2021-07-21,0.0,2336.0,3022.0,"9,55","18,00","15,00",0,0.0,0,0,0,0.0,0,0
18-24,Feminino,2021-07-21,0.0,1192.0,1491.0,"3,04","4,00","2,00",0,0.0,"4,00","259,20","1,00",0.0,0,0
35-44,Masculino,2021-07-21,0.0,2300.0,2844.0,"13,78","24,00","16,00",0,0.0,"4,00","659,10","3,00",0.0,0,0
35-44,Feminino,2021-07-21,0.0,4036.0,5142.0,"26,79","53,00","41,00","2,00",0.0,"12,00","498,50","10,00",0.0,"279,20","2,00"
25-34,Feminino,2021-07-21,0.0,3820.0,5103.0,"17,39","27,00","23,00","1,00",0.0,"19,00","2024,90","10,00",0.0,"29,90","1,00"
45-54,Masculino,2021-07-21,0.0,600.0,711.0,"5,77","9,00","7,00",0,0.0,0,0,0,0.0,0,0
55-64,Masculino,2021-07-21,0.0,143.0,143.0,"1,05","1,00","1,00",0,0.0,0,0,0,0.0,0,0
55-64,Feminino,2021-07-21,0.0,292.0,358.0,"3,06","5,00","5,00",0,0.0,0,0,0,0.0,0,0
45-54,Feminino,2021-07-21,0.0,1220.0,1571.0,"11,44","17,00","15,00",0,0.0,0,0,0,0.0,0,0
65+,Masculino,2021-07-21,0.0,64.0,75.0,"0,37","1,00","1,00",0,0.0,0,0,0,0.0,0,0
18-24,Masculino,2021-07-21,0.0,424.0,615.0,"1,58","5,00","2,00",0,0.0,0,0,0,0.0,0,0
45-54,Outros,2021-07-21,0.0,2.0,2.0,"0,02",0,0,0,0.0,0,0,0,0.0,0,0
25-34,Outros,2021-07-21,0.0,7.0,7.0,"0,01",0,0,0,0.0,0,0,0,0.0,0,0
35-44,Outros,2021-07-21,0.0,8.0,8.0,"0,04",0,0,0,0.0,0,0,0,0.0,0,0
65+,Outros,2021-07-21,0.0,4.0,4.0,"0,01",0,0,0,0.0,0,0,0,0.0,0,0
65+,Feminino,2021-07-21,0.0,125.0,125.0,"0,76","4,00","2,00",0,0.0,0,0,0,0.0,0,0
18-24,Outros,2021-07-20,0.0,4.0,5.0,0,0,0,0,0.0,0,0,0,0.0,0,0
35-44,Outros,2021-07-20,0.0,0.0,6.0,"0,03",0,0,0,0.0,0,0,0,0.0,0,0
25-34,Outros,2021-07-20,0.0,2.0,2.0,"0,01",0,0,0,0.0,0,0,0,0.0,0,0
35-44,Feminino,2021-07-20,0.0,4832.0,6541.0,"38,18","67,00","50,00","4,00",0.0,"29,00","2979,10","18,00",0.0,"786,70","4,00"
18-24,Feminino,2021-07-20,0.0,2060.0,2394.0,"4,54","7,00","5,00","1,00",0.0,"5,00","319,10","2,00",0.0,"109,80","1,00"
18-24,Masculino,2021-07-20,0.0,214.0,214.0,"0,68","1,00","1,00",0,0.0,0,0,0,0.0,0,0
25-34,Feminino,2021-07-20,0.0,5660.0,7221.0,"25,93","48,00","40,00","2,00",0.0,"31,00","6606,71","18,00",0.0,"587,80","2,00"
45-54,Masculino,2021-07-20,0.0,236.0,257.0,"2,29","3,00","1,00",0,0.0,0,0,0,0.0,0,0
35-44,Masculino,2021-07-20,0.0,792.0,855.0,"4,74","5,00","4,00",0,0.0,0,0,0,0.0,0,0
45-54,Feminino,2021-07-20,0.0,1292.0,1688.0,"15,16","21,00","20,00","1,00",0.0,"6,00","329,10","5,00",0.0,"59,90","1,00"
25-34,Masculino,2021-07-20,0.0,808.0,924.0,"3,70","5,00","3,00","2,00",0.0,"7,00","818,00","4,00",0.0,"239,11","2,00"
65+,Feminino,2021-07-20,0.0,96.0,106.0,"0,37","2,00","1,00",0,0.0,0,0,0,0.0,0,0
55-64,Feminino,2021-07-20,0.0,192.0,300.0,"3,04","7,00","5,00",0,0.0,"16,00","5918,80","4,00",0.0,0,0
65+,Masculino,2021-07-20,0.0,12.0,23.0,"0,10",0,0,0,0.0,0,0,0,0.0,0,0
55-64,Masculino,2021-07-20,0.0,56.0,57.0,"0,66",0,0,0,0.0,0,0,0,0.0,0,0
18-24,Masculino,2021-07-19,0.0,204.0,268.0,"0,68","1,00","1,00",0,0.0,0,0,0,0.0,0,0
35-44,Feminino,2021-07-19,0.0,5572.0,8206.0,"44,96","95,00","77,00","6,00",0.0,"47,00","5194,20","28,00",0.0,"548,60","6,00"
55-64,Feminino,2021-07-19,0.0,308.0,479.0,"5,39","8,00","6,00",0,0.0,"6,00","428,70","5,00",0.0,0,0
45-54,Feminino,2021-07-19,0.0,1608.0,2250.0,"18,24","47,00","36,00",0,0.0,"13,00","3092,20","8,00",0.0,0,0
18-24,Feminino,2021-07-19,0.0,2436.0,2814.0,"4,61","8,00","6,00",0,0.0,"1,00","39,90","1,00",0.0,0,0
25-34,Masculino,2021-07-19,0.0,1256.0,1537.0,"5,24","8,00","4,00",0,0.0,"9,00","1536,40","3,00",0.0,0,0
25-34,Feminino,2021-07-19,0.0,6076.0,8113.0,"26,71","55,00","41,00",0,0.0,"21,00","2372,90","16,00",0.0,0,0
35-44,Masculino,2021-07-19,0.0,1232.0,1458.0,"7,27","6,00","5,00","2,00",0.0,"8,00","807,80","6,00",0.0,"59,80","2,00"
35-44,Outros,2021-07-19,0.0,0.0,4.0,0,0,0,0,0.0,0,0,0,0.0,0,0
65+,Feminino,2021-07-19,0.0,136.0,149.0,"0,71",0,0,0,0.0,0,0,0,0.0,0,0
45-54,Masculino,2021-07-19,0.0,256.0,337.0,"2,51","3,00","3,00",0,0.0,"1,00","79,80","1,00",0.0,0,0
65+,Masculino,2021-07-19,0.0,20.0,31.0,"0,15",0,0,0,0.0,0,0,0,0.0,0,0
55-64,Masculino,2021-07-19,0.0,32.0,64.0,"0,65",0,0,0,0.0,0,0,0,0.0,0,0
25-34,Outros,2021-07-19,0.0,3.0,3.0,"0,03",0,0,0,0.0,0,0,0,0.0,0,0
45-54,Outros,2021-07-19,0.0,1.0,1.0,0,0,0,0,0.0,0,0,0,0.0,0,0
35-44,Masculino,2021-07-18,0.0,3312.0,4094.0,"18,87","39,00","31,00",0,0.0,0,0,0,0.0,0,0
45-54,Outros,2021-07-18,0.0,4.0,4.0,"0,02",0,0,0,0.0,0,0,0,0.0,0,0
18-24,Outros,2021-07-18,0.0,2.0,2.0,0,0,0,0,0.0,0,0,0,0.0,0,0
65+,Masculino,2021-07-18,0.0,72.0,93.0,"0,40",0,0,0,0.0,0,0,0,0.0,0,0
55-64,Feminino,2021-07-18,0.0,536.0,847.0,"7,80","18,00","14,00",0,0.0,"2,00","89,70","1,00",0.0,0,0
18-24,Masculino,2021-07-18,0.0,512.0,668.0,"1,56","2,00","1,00",0,0.0,0,0,0,0.0,0,0
65+,Feminino,2021-07-18,0.0,256.0,349.0,"1,53","4,00","4,00",0,0.0,"1,00","29,90","1,00",0.0,0,0
55-64,Masculino,2021-07-18,0.0,104.0,180.0,"1,49","5,00","3,00",0,0.0,"1,00","49,90","1,00",0.0,0,0
25-34,Masculino,2021-07-18,0.0,3104.0,3937.0,"13,16","29,00","26,00",0,0.0,"20,00","4212,70","7,00",0.0,0,0
45-54,Masculino,2021-07-18,0.0,680.0,949.0,"5,97","10,00","9,00",0,0.0,0,0,0,0.0,0,0
45-54,Feminino,2021-07-18,0.0,2864.0,4087.0,"28,11","47,00","37,00",0,0.0,"5,00","169,50","5,00",0.0,0,0
18-24,Feminino,2021-07-18,0.0,3232.0,3917.0,"6,32","10,00","6,00",0,0.0,"2,00","159,80","2,00",0.0,0,0
35-44,Outros,2021-07-18,0.0,0.0,4.0,"0,02",0,0,0,0.0,0,0,0,0.0,0,0
55-64,Outros,2021-07-18,0.0,0.0,2.0,"0,03",0,0,0,0.0,0,0,0,0.0,0,0
25-34,Outros,2021-07-18,0.0,0.0,6.0,"0,03",0,0,0,0.0,0,0,0,0.0,0,0
25-34,Feminino,2021-07-18,0.0,10776.0,14425.0,"41,36","79,00","59,00","1,00",0.0,"21,00","3052,60","15,00",0.0,"159,70","1,00"
35-44,Feminino,2021-07-18,0.0,10728.0,14865.0,"69,66","130,00","113,00","2,00",0.0,"28,00","2396,11","18,00",0.0,"162,00","2,00"
65+,Outros,2021-07-18,0.0,0.0,1.0,0,0,0,0,0.0,0,0,0,0.0,0,0
45-54,Masculino,2021-07-17,0.0,728.0,837.0,"5,29","13,00","10,00",0,0.0,0,0,0,0.0,0,0
65+,Feminino,2021-07-17,0.0,216.0,333.0,"1,50","5,00","4,00",0,0.0,0,0,0,0.0,0,0
18-24,Outros,2021-07-17,0.0,0.0,2.0,0,0,0,0,0.0,0,0,0,0.0,0,0
55-64,Outros,2021-07-17,0.0,0.0,2.0,"0,01",0,0,0,0.0,0,0,0,0.0,0,0
25-34,Outros,2021-07-17,0.0,0.0,9.0,"0,02",0,0,0,0.0,0,0,0,0.0,0,0
65+,Outros,2021-07-17,0.0,0.0,2.0,"0,01",0,0,0,0.0,0,0,0,0.0,0,0
45-54,Outros,2021-07-17,0.0,2.0,2.0,"0,01",0,0,0,0.0,0,0,0,0.0,0,0
35-44,Outros,2021-07-17,0.0,20.0,20.0,"0,05",0,0,0,0.0,0,0,0,0.0,0,0
55-64,Masculino,2021-07-17,0.0,128.0,177.0,"0,94","2,00","2,00",0,0.0,0,0,0,0.0,0,0
65+,Masculino,2021-07-17,0.0,83.0,83.0,"0,31",0,0,0,0.0,0,0,0,0.0,0,0
18-24,Masculino,2021-07-17,0.0,488.0,674.0,"1,30","1,00",0,0,0.0,0,0,0,0.0,0,0
55-64,Feminino,2021-07-17,0.0,584.0,912.0,"7,45","18,00","15,00","1,00",0.0,"20,00","2702,00","14,00",0.0,"109,80","1,00"
25-34,Masculino,2021-07-17,0.0,2440.0,3345.0,"10,23","19,00","18,00",0,0.0,"1,00","49,90","1,00",0.0,0,0
25-34,Feminino,2021-07-17,0.0,11824.0,15202.0,"40,46","96,00","74,00","5,00",0.0,"44,00","4699,00","22,00",0.0,"548,60","5,00"
18-24,Feminino,2021-07-17,0.0,3392.0,4155.0,"5,87","9,00","5,00",0,0.0,0,0,0,0.0,0,0
35-44,Feminino,2021-07-17,0.0,11400.0,16005.0,"71,72","157,00","126,00","3,00",0.0,"52,00","3550,71","38,00",0.0,"350,31","3,00"
45-54,Feminino,2021-07-17,0.0,3168.0,4428.0,"30,43","70,00","56,00","1,00",0.0,"18,00","1197,00","13,00",0.0,"29,90","1,00"
35-44,Masculino,2021-07-17,0.0,2720.0,3500.0,"16,82","27,00","22,00","1,00",0.0,"25,00","2513,90","13,00",0.0,"139,80","1,00"
18-24,Masculino,2021-07-16,0.0,512.0,687.0,"1,67","5,00","3,00","2,00",0.0,0,0,0,0.0,"198,00","2,00"
18-24,Outros,2021-07-16,0.0,0.0,7.0,"0,01",0,0,0,0.0,0,0,0,0.0,0,0
55-64,Outros,2021-07-16,0.0,0.0,1.0,0,0,0,0,0.0,0,0,0,0.0,0,0
35-44,Outros,2021-07-16,0.0,16.0,16.0,"0,08",0,0,0,0.0,0,0,0,0.0,0,0
18-24,Feminino,2021-07-16,0.0,4104.0,4695.0,"6,87","13,00","7,00",0,0.0,"3,00","139,40","1,00",0.0,0,0
25-34,Feminino,2021-07-16,0.0,10752.0,14970.0,"46,11","105,00","76,00","3,00",0.0,"43,00","4197,70","26,00",0.0,"448,90","3,00"
35-44,Feminino,2021-07-16,0.0,9768.0,15055.0,"72,10","199,00","148,00","4,00",0.0,"73,00","6800,50","46,00",0.0,"554,30","4,00"
35-44,Masculino,2021-07-16,0.0,2280.0,3165.0,"15,04","37,00","29,00",0,0.0,"14,00","947,30","9,00",0.0,0,0
45-54,Feminino,2021-07-16,0.0,3112.0,4594.0,"34,96","91,00","77,00",0,0.0,"14,00","777,70","11,00",0.0,0,0
25-34,Masculino,2021-07-16,0.0,2096.0,3129.0,"10,95","26,00","23,00","1,00",0.0,"9,00","1396,20","7,00",0.0,"219,40","1,00"
45-54,Masculino,2021-07-16,0.0,600.0,837.0,"6,63","15,00","14,00",0,0.0,"2,00","119,70","1,00",0.0,0,0
65+,Feminino,2021-07-16,0.0,224.0,403.0,"1,95","3,00","3,00",0,0.0,0,0,0,0.0,0,0
55-64,Masculino,2021-07-16,0.0,104.0,162.0,"1,25","3,00","3,00",0,0.0,0,0,0,0.0,0,0
65+,Masculino,2021-07-16,0.0,56.0,71.0,"0,40","1,00",0,0,0.0,0,0,0,0.0,0,0
55-64,Feminino,2021-07-16,0.0,776.0,1101.0,"9,90","30,00","23,00","2,00",0.0,"34,00","7575,10","16,00",0.0,"185,40","2,00"
25-34,Outros,2021-07-16,0.0,5.0,5.0,"0,03",0,0,0,0.0,0,0,0,0.0,0,0
45-54,Outros,2021-07-16,0.0,3.0,3.0,0,0,0,0,0.0,0,0,0,0.0,0,0
45-54,Feminino,2021-07-15,0.0,2944.0,4398.0,"32,27","122,00","100,00","2,00",0.0,"42,00","6342,50","23,00",0.0,"298,50","2,00"
25-34,Outros,2021-07-15,0.0,0.0,6.0,"0,03",0,0,0,0.0,0,0,0,0.0,0,0
55-64,Outros,2021-07-15,0.0,0.0,1.0,0,0,0,0,0.0,0,0,0,0.0,0,0
18-24,Feminino,2021-07-15,0.0,1328.0,1988.0,"4,89","8,00","6,00","2,00",0.0,0,0,0,0.0,"129,80","2,00"
25-34,Masculino,2021-07-15,0.0,2192.0,3175.0,"11,29","33,00","28,00","2,00",0.0,"15,00","1916,20","7,00",0.0,"349,30","2,00"
25-34,Feminino,2021-07-15,0.0,7072.0,10795.0,"39,52","98,00","83,00","1,00",0.0,"17,00","1396,00","10,00",0.0,"189,41","1,00"
35-44,Feminino,2021-07-15,0.0,8208.0,12936.0,"66,57","183,00","140,00","6,00",0.0,"65,00","5833,60","45,00",0.0,"867,80","6,00"
45-54,Outros,2021-07-15,0.0,4.0,4.0,0,0,0,0,0.0,0,0,0,0.0,0,0
35-44,Outros,2021-07-15,0.0,8.0,16.0,"0,04",0,0,0,0.0,0,0,0,0.0,0,0
18-24,Outros,2021-07-15,0.0,4.0,4.0,"0,02",0,0,0,0.0,0,0,0,0.0,0,0
55-64,Masculino,2021-07-15,0.0,136.0,219.0,"2,23","4,00","4,00",0,0.0,0,0,0,0.0,0,0
65+,Masculino,2021-07-15,0.0,71.0,71.0,"0,28",0,0,0,0.0,0,0,0,0.0,0,0
55-64,Feminino,2021-07-15,0.0,672.0,1055.0,"9,88","32,00","29,00",0,0.0,"5,00","768,50","3,00",0.0,0,0
65+,Feminino,2021-07-15,0.0,184.0,311.0,"1,76","4,00","2,00",0,0.0,0,0,0,0.0,0,0
18-24,Masculino,2021-07-15,0.0,336.0,523.0,"1,27","5,00","3,00","2,00",0.0,"10,00","548,70","7,00",0.0,"169,70","2,00"
45-54,Masculino,2021-07-15,0.0,584.0,888.0,"6,13","15,00","11,00",0,0.0,"7,00","388,60","4,00",0.0,0,0
35-44,Masculino,2021-07-15,0.0,2200.0,2971.0,"13,42","37,00","33,00",0,0.0,"3,00","119,60","2,00",0.0,0,0
18-24,Outros,2021-07-14,0.0,0.0,3.0,0,0,0,0,0.0,0,0,0,0.0,0,0
35-44,Outros,2021-07-14,0.0,10.0,10.0,"0,03",0,0,0,0.0,0,0,0,0.0,0,0
55-64,Outros,2021-07-14,0.0,0.0,1.0,0,0,0,0,0.0,0,0,0,0.0,0,0
25-34,Outros,2021-07-14,0.0,4.0,5.0,0,0,0,0,0.0,0,0,0,0.0,0,0
35-44,Masculino,2021-07-14,0.0,1488.0,2326.0,"9,07","36,00","34,00","2,00",0.0,"15,00","1646,20","10,00",0.0,"59,80","2,00"
35-44,Feminino,2021-07-14,0.0,4492.0,6902.0,"31,50","90,00","72,00","5,00",0.0,"62,00","6472,30","27,00",0.0,"528,60","5,00"
25-34,Feminino,2021-07-14,0.0,4288.0,6525.0,"19,90","58,00","49,00","8,00",0.0,"37,00","2932,40","24,00",0.0,"873,20","8,00"
45-54,Feminino,2021-07-14,0.0,1412.0,2188.0,"15,28","70,00","59,00","1,00",0.0,"22,00","1995,00","13,00",0.0,"75,70","1,00"
18-24,Feminino,2021-07-14,0.0,1012.0,1316.0,"2,65","9,00","9,00","1,00",0.0,"10,00","1226,30","4,00",0.0,"64,90","1,00"
55-64,Feminino,2021-07-14,0.0,296.0,465.0,"3,56","20,00","16,00",0,0.0,"1,00","39,90","1,00",0.0,0,0
45-54,Masculino,2021-07-14,0.0,448.0,640.0,"3,33","24,00","19,00","1,00",0.0,"4,00","529,10","4,00",0.0,"207,61","1,00"
25-34,Masculino,2021-07-14,0.0,1492.0,2360.0,"6,68","26,00","20,00","1,00",0.0,"7,00","998,10","5,00",0.0,"209,60","1,00"
65+,Feminino,2021-07-14,0.0,116.0,146.0,"0,75","4,00","4,00",0,0.0,0,0,0,0.0,0,0
18-24,Masculino,2021-07-14,0.0,256.0,408.0,"0,79","2,00","1,00",0,0.0,0,0,0,0.0,0,0
65+,Masculino,2021-07-14,0.0,36.0,62.0,"0,23","1,00",0,0,0.0,0,0,0,0.0,0,0
55-64,Masculino,2021-07-14,0.0,84.0,118.0,"0,56","6,00","5,00",0,0.0,0,0,0,0.0,0,0
18-24,Masculino,2021-07-13,0.0,104.0,113.0,"0,28","1,00","1,00",0,0.0,0,0,0,0.0,0,0
65+,Masculino,2021-07-13,0.0,10.0,12.0,"0,04",0,0,0,0.0,0,0,0,0.0,0,0
25-34,Outros,2021-07-13,0.0,2.0,2.0,0,0,0,0,0.0,0,0,0,0.0,0,0
55-64,Masculino,2021-07-13,0.0,24.0,24.0,"0,19",0,0,0,0.0,0,0,0,0.0,0,0
65+,Feminino,2021-07-13,0.0,40.0,44.0,"0,19",0,0,0,0.0,0,0,0,0.0,0,0
25-34,Masculino,2021-07-13,0.0,468.0,543.0,"1,75","11,00","8,00",0,0.0,0,0,0,0.0,0,0
35-44,Masculino,2021-07-13,0.0,404.0,477.0,"2,00","7,00","5,00","1,00",0.0,"8,00","618,00","3,00",0.0,"139,60","1,00"
45-54,Masculino,2021-07-13,0.0,132.0,141.0,"1,13","4,00","4,00",0,0.0,0,0,0,0.0,0,0
45-54,Feminino,2021-07-13,0.0,576.0,610.0,"5,32","17,00","10,00",0,0.0,"8,00","478,40","6,00",0.0,0,0
55-64,Feminino,2021-07-13,0.0,108.0,121.0,"1,55","2,00","1,00",0,0.0,0,0,0,0.0,0,0
45-54,Outros,2021-07-13,0.0,1.0,1.0,0,0,0,0,0.0,0,0,0,0.0,0,0
35-44,Feminino,2021-07-13,0.0,1764.0,2036.0,"11,36","52,00","44,00",0,0.0,"13,00","1586,70","9,00",0.0,0,0
18-24,Feminino,2021-07-13,0.0,462.0,491.0,"1,07","4,00","4,00",0,0.0,"1,00","29,90","1,00",0.0,0,0
25-34,Feminino,2021-07-13,0.0,1788.0,2054.0,"7,29","20,00","15,00","2,00",0.0,"10,00","738,30","8,00",0.0,"169,60","2,00"
35-44,Outros,2021-07-13,0.0,0.0,1.0,0,0,0,0,0.0,0,0,0,0.0,0,0
35-44,Feminino,2021-07-12,0.0,0.0,0.0,0,0,0,"1,00",0.0,"10,00","917,30","7,00",0.0,"139,60","1,00"
45-54,Feminino,2021-07-12,0.0,0.0,0.0,0,0,0,"1,00",0.0,"9,00","867,60","3,00",0.0,"209,50","1,00"
25-34,Feminino,2021-07-12,0.0,0.0,0.0,0,0,0,0,0.0,"4,00","459,00","4,00",0.0,0,0
65+,Feminino,2021-07-11,0.0,4.0,4.0,"0,08",0,0,0,0.0,0,0,0,0.0,0,0
55-64,Outros,2021-07-11,0.0,1.0,1.0,0,0,0,0,0.0,0,0,0,0.0,0,0
65+,Masculino,2021-07-11,0.0,3.0,3.0,"0,04",0,0,0,0.0,0,0,0,0.0,0,0
55-64,Masculino,2021-07-11,0.0,5.0,5.0,"0,13",0,0,0,0.0,0,0,0,0.0,0,0
18-24,Feminino,2021-07-11,0.0,9.0,9.0,"0,12",0,0,0,0.0,0,0,0,0.0,0,0
45-54,Masculino,2021-07-11,0.0,21.0,22.0,"0,31",0,0,0,0.0,"2,00","279,40","2,00",0.0,0,0
35-44,Masculino,2021-07-11,0.0,30.0,31.0,"0,36",0,0,"1,00",0.0,"4,00","399,40","3,00",0.0,"139,80","1,00"
25-34,Feminino,2021-07-11,0.0,11.0,11.0,"0,07",0,0,0,0.0,"6,00","608,50","2,00",0.0,0,0
18-24,Masculino,2021-07-11,0.0,24.0,24.0,"0,41",0,0,0,0.0,0,0,0,0.0,0,0
25-34,Masculino,2021-07-11,0.0,31.0,31.0,"0,31",0,0,0,0.0,"1,00","69,90","1,00",0.0,0,0
45-54,Feminino,2021-07-11,0.0,24.0,24.0,"0,35",0,0,0,0.0,0,0,0,0.0,0,0
55-64,Feminino,2021-07-11,0.0,13.0,13.0,"0,20",0,0,0,0.0,0,0,0,0.0,0,0
35-44,Feminino,2021-07-11,0.0,16.0,16.0,"0,12",0,0,"2,00",0.0,"21,00","1835,30","8,00",0.0,"239,30","2,00"
25-34,Outros,2021-07-10,0.0,10.0,10.0,"0,02",0,0,0,0.0,0,0,0,0.0,0,0
35-44,Feminino,2021-07-10,0.0,6712.0,9463.0,"38,75","112,00","85,00","12,00",0.0,"75,00","8721,70","51,00",0.0,"1914,30","12,00"
65+,Masculino,2021-07-10,0.0,44.0,66.0,"0,47",0,0,0,0.0,0,0,0,0.0,0,0
18-24,Masculino,2021-07-10,0.0,256.0,352.0,"1,58",0,0,0,0.0,0,0,0,0.0,0,0
55-64,Masculino,2021-07-10,0.0,124.0,167.0,"1,09","1,00","1,00",0,0.0,0,0,0,0.0,0,0
65+,Feminino,2021-07-10,0.0,200.0,238.0,"1,40","4,00","3,00",0,0.0,0,0,0,0.0,0,0
25-34,Masculino,2021-07-10,0.0,1120.0,1612.0,"5,50","7,00","4,00","3,00",0.0,"6,00","359,40","6,00",0.0,"239,70","3,00"
45-54,Masculino,2021-07-10,0.0,384.0,552.0,"3,11","4,00","3,00",0,0.0,"3,00","229,60","2,00",0.0,0,0
25-34,Feminino,2021-07-10,0.0,6164.0,8890.0,"23,30","56,00","50,00","1,00",0.0,"31,00","3468,60","11,00",0.0,"129,60","1,00"
55-64,Feminino,2021-07-10,0.0,612.0,869.0,"6,71","15,00","14,00",0,0.0,"6,00","468,90","4,00",0.0,0,0
45-54,Feminino,2021-07-10,0.0,2508.0,3281.0,"17,84","49,00","34,00",0,0.0,"4,00","249,30","3,00",0.0,0,0
35-44,Masculino,2021-07-10,0.0,1132.0,1582.0,"5,66","7,00","4,00",0,0.0,"2,00","79,80","2,00",0.0,0,0
45-54,Outros,2021-07-10,0.0,3.0,3.0,"0,01",0,0,0,0.0,0,0,0,0.0,0,0
18-24,Feminino,2021-07-10,0.0,1780.0,2185.0,"4,32","11,00","9,00",0,0.0,0,0,0,0.0,0,0
35-44,Outros,2021-07-10,0.0,0.0,7.0,0,0,0,0,0.0,0,0,0,0.0,0,0
65+,Outros,2021-07-10,0.0,0.0,2.0,0,0,0,0,0.0,0,0,0,0.0,0,0
18-24,Outros,2021-07-10,0.0,0.0,1.0,"0,01",0,0,0,0.0,0,0,0,0.0,0,0
35-44,Masculino,2021-07-09,0.0,780.0,1279.0,"5,53","10,00","8,00",0,0.0,"7,00","578,60","5,00",0.0,0,0
45-54,Masculino,2021-07-09,0.0,300.0,540.0,"3,55","12,00","10,00",0,0.0,"4,00","199,40","3,00",0.0,0,0
55-64,Feminino,2021-07-09,0.0,584.0,887.0,"8,96","36,00","31,00","1,00",0.0,"18,00","2203,71","11,00",0.0,"109,70","1,00"
45-54,Feminino,2021-07-09,0.0,1748.0,2834.0,"21,64","70,00","58,00","2,00",0.0,"28,00","1794,50","18,00",0.0,"266,81","2,00"
25-34,Feminino,2021-07-09,0.0,3292.0,5733.0,"23,18","68,00","56,00","7,00",0.0,"86,00","9153,55","49,00",0.0,"1033,41","7,00"
35-44,Feminino,2021-07-09,0.0,4284.0,7210.0,"39,59","145,00","128,00","11,00",0.0,"148,00","16904,90","80,00",0.0,"1352,41","11,00"
25-34,Masculino,2021-07-09,0.0,744.0,1282.0,"5,51","7,00","5,00",0,0.0,0,0,0,0.0,0,0
18-24,Feminino,2021-07-09,0.0,680.0,1007.0,"3,50","8,00","8,00","2,00",0.0,"15,00","897,50","9,00",0.0,"119,80","2,00"
35-44,Outros,2021-07-09,0.0,6.0,6.0,"0,02",0,0,0,0.0,0,0,0,0.0,0,0
65+,Feminino,2021-07-09,0.0,172.0,243.0,"2,25","2,00","1,00",0,0.0,0,0,0,0.0,0,0
18-24,Masculino,2021-07-09,0.0,228.0,281.0,"1,86",0,0,0,0.0,0,0,0,0.0,0,0
55-64,Masculino,2021-07-09,0.0,76.0,147.0,"1,57","2,00","1,00",0,0.0,0,0,0,0.0,0,0
65+,Masculino,2021-07-09,0.0,52.0,58.0,"0,54","2,00","2,00",0,0.0,0,0,0,0.0,0,0
25-34,Outros,2021-07-09,0.0,2.0,2.0,0,0,0,0,0.0,0,0,0,0.0,0,0
18-24,Outros,2021-07-09,0.0,0.0,2.0,0,0,0,0,0.0,0,0,0,0.0,0,0
55-64,Outros,2021-07-09,0.0,0.0,2.0,0,0,0,0,0.0,0,0,0,0.0,0,0
45-54,Outros,2021-07-09,0.0,3.0,3.0,"0,01",0,0,0,0.0,0,0,0,0.0,0,0
65+,Masculino,2021-07-08,0.0,28.0,42.0,"0,49",0,0,0,0.0,0,0,0,0.0,0,0
65+,Outros,2021-07-08,0.0,0.0,1.0,0,0,0,0,0.0,0,0,0,0.0,0,0
35-44,Outros,2021-07-08,0.0,0.0,8.0,"0,03",0,0,0,0.0,0,0,0,0.0,0,0
45-54,Outros,2021-07-08,0.0,0.0,1.0,"0,02",0,0,0,0.0,0,0,0,0.0,0,0
25-34,Feminino,2021-07-08,0.0,5228.0,6733.0,"26,81","69,00","58,00","2,00",0.0,"23,00","1864,30","17,00",0.0,"238,80","2,00"
35-44,Feminino,2021-07-08,0.0,4592.0,6270.0,"36,32","100,00","82,00",0,0.0,"57,00","4993,90","27,00",0.0,0,0
35-44,Masculino,2021-07-08,0.0,1120.0,1498.0,"7,06","9,00","8,00",0,0.0,"1,00","49,90","1,00",0.0,0,0
18-24,Feminino,2021-07-08,0.0,1396.0,1689.0,"5,38","1,00","1,00",0,0.0,"3,00","169,70","3,00",0.0,0,0
45-54,Feminino,2021-07-08,0.0,1576.0,2001.0,"16,80","40,00","32,00",0,0.0,"8,00","728,10","6,00",0.0,0,0
25-34,Masculino,2021-07-08,0.0,1080.0,1611.0,"7,40","11,00","9,00",0,0.0,"19,00","2830,30","7,00",0.0,0,0
18-24,Masculino,2021-07-08,0.0,288.0,380.0,"2,37","2,00","1,00",0,0.0,0,0,0,0.0,0,0
55-64,Feminino,2021-07-08,0.0,396.0,514.0,"5,09","19,00","17,00",0,0.0,0,0,0,0.0,0,0
65+,Feminino,2021-07-08,0.0,112.0,147.0,"1,18","1,00","1,00",0,0.0,0,0,0,0.0,0,0
55-64,Masculino,2021-07-08,0.0,84.0,112.0,"0,87","2,00","2,00",0,0.0,0,0,0,0.0,0,0
25-34,Outros,2021-07-08,0.0,3.0,3.0,0,0,0,0,0.0,0,0,0,0.0,0,0
45-54,Masculino,2021-07-08,0.0,324.0,431.0,"3,10","8,00","5,00",0,0.0,"7,00","1311,50","4,00",0.0,0,0
18-24,Masculino,2021-07-07,0.0,304.0,355.0,"2,33","1,00",0,"2,00",0.0,"16,00","4500,22","14,00",0.0,"499,10","2,00"
65+,Masculino,2021-07-07,0.0,44.0,50.0,"0,52",0,0,0,0.0,0,0,0,0.0,0,0
65+,Feminino,2021-07-07,0.0,148.0,167.0,"1,30",0,0,0,0.0,0,0,0,0.0,0,0
45-54,Masculino,2021-07-07,0.0,260.0,354.0,"2,08","6,00","5,00",0,0.0,0,0,0,0.0,0,0
55-64,Feminino,2021-07-07,0.0,296.0,413.0,"3,48","21,00","19,00","1,00",0.0,"1,00","29,90","1,00",0.0,"49,90","1,00"
25-34,Masculino,2021-07-07,0.0,1028.0,1459.0,"5,95","14,00","11,00","1,00",0.0,"6,00","488,90","2,00",0.0,"139,70","1,00"
45-54,Feminino,2021-07-07,0.0,1440.0,1802.0,"13,64","45,00","38,00","1,00",0.0,"10,00","1027,90","6,00",0.0,"109,80","1,00"
35-44,Feminino,2021-07-07,0.0,5064.0,6674.0,"36,86","107,00","85,00","3,00",0.0,"31,00","1854,40","22,00",0.0,"198,41","3,00"
35-44,Masculino,2021-07-07,0.0,996.0,1272.0,"6,36","18,00","16,00","1,00",0.0,"4,00","249,40","3,00",0.0,"99,80","1,00"
18-24,Feminino,2021-07-07,0.0,1956.0,2282.0,"5,60","12,00","10,00",0,0.0,0,0,0,0.0,0,0
25-34,Feminino,2021-07-07,0.0,6400.0,8082.0,"28,58","91,00","73,00","3,00",0.0,"11,00","688,40","9,00",0.0,"258,70","3,00"
18-24,Outros,2021-07-07,0.0,0.0,1.0,0,0,0,0,0.0,0,0,0,0.0,0,0
35-44,Outros,2021-07-07,0.0,4.0,4.0,"0,04",0,0,0,0.0,0,0,0,0.0,0,0
25-34,Outros,2021-07-07,0.0,8.0,8.0,"0,02",0,0,0,0.0,0,0,0,0.0,0,0
45-54,Outros,2021-07-07,0.0,2.0,2.0,"0,01",0,0,0,0.0,0,0,0,0.0,0,0
55-64,Masculino,2021-07-07,0.0,64.0,106.0,"1,08","2,00","1,00",0,0.0,0,0,0,0.0,0,0
55-64,Outros,2021-07-07,0.0,0.0,1.0,0,0,0,0,0.0,0,0,0,0.0,0,0
65+,Outros,2021-07-07,0.0,0.0,1.0,0,0,0,0,0.0,0,0,0,0.0,0,0
25-34,Masculino,2021-07-06,0.0,1156.0,1465.0,"5,40","5,00","3,00",0,0.0,"2,00","39,80","2,00",0.0,0,0
18-24,Masculino,2021-07-06,0.0,344.0,443.0,"2,46","2,00","1,00",0,0.0,"2,00","619,00","2,00",0.0,0,0
65+,Feminino,2021-07-06,0.0,164.0,174.0,"1,25","3,00","2,00",0,0.0,0,0,0,0.0,0,0
65+,Masculino,2021-07-06,0.0,40.0,44.0,"0,28",0,0,0,0.0,0,0,0,0.0,0,0
25-34,Outros,2021-07-06,0.0,13.0,13.0,"0,03",0,0,0,0.0,0,0,0,0.0,0,0
18-24,Outros,2021-07-06,0.0,4.0,5.0,0,0,0,0,0.0,0,0,0,0.0,0,0
65+,Outros,2021-07-06,0.0,0.0,2.0,0,0,0,0,0.0,0,0,0,0.0,0,0
35-44,Outros,2021-07-06,0.0,0.0,5.0,"0,04",0,0,0,0.0,0,0,0,0.0,0,0
45-54,Masculino,2021-07-06,0.0,280.0,357.0,"2,27","3,00","2,00",0,0.0,"3,00","429,20","2,00",0.0,0,0
45-54,Outros,2021-07-06,0.0,0.0,1.0,0,0,0,0,0.0,0,0,0,0.0,0,0
55-64,Outros,2021-07-06,0.0,0.0,1.0,"0,01",0,0,0,0.0,0,0,0,0.0,0,0
55-64,Feminino,2021-07-06,0.0,404.0,494.0,"3,97","15,00","12,00",0,0.0,0,0,0,0.0,0,0
55-64,Masculino,2021-07-06,0.0,68.0,88.0,"0,86","1,00","1,00",0,0.0,0,0,0,0.0,0,0
45-54,Feminino,2021-07-06,0.0,1656.0,2103.0,"14,50","49,00","40,00","1,00",0.0,"12,00","717,70","7,00",0.0,"49,80","1,00"
18-24,Feminino,2021-07-06,0.0,2440.0,2836.0,"5,44","11,00","7,00",0,0.0,0,0,0,0.0,0,0
35-44,Masculino,2021-07-06,0.0,1012.0,1277.0,"5,79","12,00","11,00","1,00",0.0,"5,00","608,70","4,00",0.0,"79,80","1,00"
35-44,Feminino,2021-07-06,0.0,6172.0,7823.0,"37,72","137,00","113,00","6,00",0.0,"36,00","2204,40","26,00",0.0,"419,10","6,00"
25-34,Feminino,2021-07-06,0.0,7724.0,9144.0,"29,96","95,00","81,00","2,00",0.0,"36,00","4168,40","18,00",0.0,"69,80","2,00"
35-44,Masculino,2021-07-05,0.0,932.0,1231.0,"5,36","8,00","8,00",0,0.0,"1,00","49,90","1,00",0.0,0,0
65+,Outros,2021-07-05,0.0,0.0,1.0,0,0,0,0,0.0,0,0,0,0.0,0,0
55-64,Outros,2021-07-05,0.0,0.0,1.0,0,0,0,0,0.0,0,0,0,0.0,0,0
25-34,Feminino,2021-07-05,0.0,7448.0,9208.0,"25,30","124,00","102,00","3,00",0.0,"28,00","3233,80","21,00",0.0,"294,40","3,00"
18-24,Feminino,2021-07-05,0.0,2048.0,2386.0,"4,96","17,00","15,00","1,00",0.0,"19,00","2514,10","8,00",0.0,"139,80","1,00"
35-44,Feminino,2021-07-05,0.0,7024.0,9240.0,"40,38","187,00","154,00","10,00",0.0,"85,00","6789,30","51,00",0.0,"911,01","10,00"
45-54,Feminino,2021-07-05,0.0,2124.0,2741.0,"17,50","87,00","72,00","1,00",0.0,"15,00","1237,00","9,00",0.0,"69,90","1,00"
55-64,Feminino,2021-07-05,0.0,532.0,619.0,"4,93","26,00","22,00",0,0.0,"2,00","129,70","2,00",0.0,0,0
25-34,Masculino,2021-07-05,0.0,1008.0,1408.0,"4,79","11,00","10,00","1,00",0.0,"6,00","1326,20","2,00",0.0,"258,60","1,00"
65+,Feminino,2021-07-05,0.0,208.0,211.0,"1,25","12,00","10,00",0,0.0,0,0,0,0.0,0,0
45-54,Outros,2021-07-05,0.0,3.0,3.0,"0,02",0,0,0,0.0,0,0,0,0.0,0,0
35-44,Outros,2021-07-05,0.0,4.0,8.0,"0,03",0,0,0,0.0,0,0,0,0.0,0,0
25-34,Outros,2021-07-05,0.0,12.0,14.0,"0,02",0,0,0,0.0,0,0,0,0.0,0,0
18-24,Outros,2021-07-05,0.0,3.0,3.0,"0,01",0,0,0,0.0,0,0,0,0.0,0,0
65+,Masculino,2021-07-05,0.0,36.0,39.0,"0,45",0,0,0,0.0,0,0,0,0.0,0,0
18-24,Masculino,2021-07-05,0.0,332.0,367.0,"2,35","6,00","4,00",0,0.0,0,0,0,0.0,0,0
55-64,Masculino,2021-07-05,0.0,76.0,105.0,"0,83","2,00","2,00",0,0.0,0,0,0,0.0,0,0
45-54,Masculino,2021-07-05,0.0,260.0,370.0,"2,16","2,00","2,00",0,0.0,"3,00","398,90","2,00",0.0,0,0
35-44,Feminino,2021-07-04,0.0,6400.0,9054.0,"39,14","211,00","176,00","6,00",0.0,"54,00","4712,10","37,00",0.0,"598,50","6,00"
18-24,Masculino,2021-07-04,0.0,264.0,335.0,"1,94","1,00","1,00",0,0.0,0,0,0,0.0,0,0
65+,Masculino,2021-07-04,0.0,36.0,55.0,"0,47",0,0,0,0.0,0,0,0,0.0,0,0
25-34,Masculino,2021-07-04,0.0,852.0,1170.0,"4,21","11,00","8,00",0,0.0,0,0,0,0.0,0,0
35-44,Outros,2021-07-04,0.0,10.0,10.0,"0,06","2,00","2,00",0,0.0,0,0,0,0.0,0,0
55-64,Feminino,2021-07-04,0.0,604.0,793.0,"6,11","34,00","32,00","1,00",0.0,"7,00","478,40","5,00",0.0,"139,60","1,00"
65+,Feminino,2021-07-04,0.0,200.0,243.0,"1,77","9,00","8,00",0,0.0,"1,00","19,90","1,00",0.0,0,0
35-44,Masculino,2021-07-04,0.0,848.0,1176.0,"4,28","11,00","9,00","1,00",0.0,"10,00","1337,20","3,00",0.0,"79,80","1,00"
45-54,Feminino,2021-07-04,0.0,2084.0,2894.0,"16,39","101,00","87,00","1,00",0.0,"26,00","1546,50","23,00",0.0,"49,90","1,00"
18-24,Feminino,2021-07-04,0.0,1804.0,2204.0,"4,09","15,00","11,00","1,00",0.0,"3,00","99,70","3,00",0.0,"59,90","1,00"
25-34,Feminino,2021-07-04,0.0,6288.0,8646.0,"23,64","124,00","97,00","2,00",0.0,"49,00","6401,80","25,00",0.0,"149,70","2,00"
45-54,Masculino,2021-07-04,0.0,312.0,425.0,"2,52","11,00","9,00",0,0.0,"7,00","408,90","6,00",0.0,0,0
65+,Outros,2021-07-04,0.0,0.0,1.0,0,0,0,0,0.0,0,0,0,0.0,0,0
55-64,Outros,2021-07-04,0.0,0.0,2.0,"0,01",0,0,0,0.0,0,0,0,0.0,0,0
45-54,Outros,2021-07-04,0.0,2.0,2.0,"0,02",0,0,0,0.0,0,0,0,0.0,0,0
25-34,Outros,2021-07-04,0.0,7.0,7.0,"0,07",0,0,0,0.0,0,0,0,0.0,0,0
18-24,Outros,2021-07-04,0.0,1.0,1.0,0,0,0,0,0.0,0,0,0,0.0,0,0
55-64,Masculino,2021-07-04,0.0,96.0,124.0,"0,86","1,00",0,0,0.0,0,0,0,0.0,0,0
45-54,Outros,2021-07-03,0.0,2.0,2.0,0,0,0,0,0.0,0,0,0,0.0,0,0
65+,Masculino,2021-07-03,0.0,46.0,46.0,"0,37",0,0,0,0.0,0,0,0,0.0,0,0
18-24,Outros,2021-07-03,0.0,1.0,1.0,0,0,0,0,0.0,0,0,0,0.0,0,0
55-64,Masculino,2021-07-03,0.0,96.0,96.0,"0,74","2,00","1,00",0,0.0,0,0,0,0.0,0,0
18-24,Masculino,2021-07-03,0.0,258.0,258.0,"1,88","3,00","2,00",0,0.0,"2,00","149,70","1,00",0.0,0,0
65+,Feminino,2021-07-03,0.0,192.0,203.0,"1,56","6,00","5,00",0,0.0,0,0,0,0.0,0,0
25-34,Outros,2021-07-03,0.0,0.0,6.0,"0,01",0,0,0,0.0,0,0,0,0.0,0,0
35-44,Outros,2021-07-03,0.0,0.0,8.0,"0,05","1,00","1,00",0,0.0,0,0,0,0.0,0,0
55-64,Outros,2021-07-03,0.0,0.0,2.0,"0,01",0,0,0,0.0,0,0,0,0.0,0,0
25-34,Masculino,2021-07-03,0.0,776.0,1185.0,"3,91","12,00","10,00","1,00",0.0,"9,00","958,10","5,00",0.0,"109,80","1,00"
45-54,Masculino,2021-07-03,0.0,328.0,358.0,"1,74","5,00","3,00",0,0.0,"1,00","49,90","1,00",0.0,0,0
45-54,Feminino,2021-07-03,0.0,2352.0,2761.0,"16,06","88,00","71,00",0,0.0,"35,00","2402,20","18,00",0.0,0,0
35-44,Feminino,2021-07-03,0.0,7432.0,9827.0,"40,74","292,00","238,00","5,00",0.0,"89,00","9444,70","55,00",0.0,"548,60","5,00"
35-44,Masculino,2021-07-03,0.0,960.0,1184.0,"4,07","7,00","6,00",0,0.0,"2,00","59,80","2,00",0.0,0,0
25-34,Feminino,2021-07-03,0.0,8520.0,10253.0,"29,81","178,00","142,00","3,00",0.0,"23,00","1166,70","19,00",0.0,"235,51","3,00"
55-64,Feminino,2021-07-03,0.0,536.0,670.0,"4,86","40,00","32,00","2,00",0.0,"4,00","429,10","3,00",0.0,"119,80","2,00"
18-24,Feminino,2021-07-03,0.0,1640.0,1826.0,"3,99","18,00","15,00",0,0.0,"3,00","319,10","1,00",0.0,0,0
65+,Outros,2021-07-03,0.0,0.0,1.0,0,0,0,0,0.0,0,0,0,0.0,0,0
45-54,Outros,2021-07-02,0.0,6.0,6.0,"0,03",0,0,0,0.0,0,0,0,0.0,0,0
35-44,Feminino,2021-07-02,0.0,7280.0,10082.0,"35,74","267,00","218,00","7,00",0.0,"54,00","3270,80","38,00",0.0,"588,60","7,00"
45-54,Feminino,2021-07-02,0.0,1984.0,2705.0,"12,34","104,00","92,00","3,00",0.0,"38,00","3172,50","27,00",0.0,"339,20","3,00"
45-54,Masculino,2021-07-02,0.0,192.0,362.0,"1,29","7,00","6,00",0,0.0,0,0,0,0.0,0,0
25-34,Masculino,2021-07-02,0.0,1040.0,1598.0,"3,06","16,00","13,00","1,00",0.0,"3,00","408,40","3,00",0.0,"64,90","1,00"
55-64,Feminino,2021-07-02,0.0,584.0,637.0,"4,11","45,00","38,00","1,00",0.0,"15,00","1197,20","11,00",0.0,"59,90","1,00"
25-34,Feminino,2021-07-02,0.0,8672.0,11799.0,"27,39","213,00","189,00","7,00",0.0,"65,00","3968,40","43,00",0.0,"548,60","7,00"
18-24,Feminino,2021-07-02,0.0,2104.0,2611.0,"4,04","37,00","31,00",0,0.0,"12,00","817,40","9,00",0.0,0,0
35-44,Masculino,2021-07-02,0.0,984.0,1379.0,"3,40","15,00","13,00","1,00",0.0,"2,00","119,80","2,00",0.0,"69,90","1,00"
18-24,Masculino,2021-07-02,0.0,296.0,332.0,"0,51","4,00","3,00",0,0.0,0,0,0,0.0,0,0
55-64,Masculino,2021-07-02,0.0,40.0,76.0,"0,36","1,00","1,00",0,0.0,0,0,0,0.0,0,0
25-34,Outros,2021-07-02,0.0,8.0,9.0,"0,01",0,0,0,0.0,0,0,0,0.0,0,0
65+,Feminino,2021-07-02,0.0,112.0,158.0,"0,75","5,00","5,00",0,0.0,0,0,0,0.0,0,0
65+,Outros,2021-07-02,0.0,0.0,1.0,0,0,0,0,0.0,0,0,0,0.0,0,0
35-44,Outros,2021-07-02,0.0,0.0,5.0,"0,02",0,0,0,0.0,0,0,0,0.0,0,0
65+,Masculino,2021-07-02,0.0,8.0,32.0,"0,07","1,00",0,0,0.0,0,0,0,0.0,0,0
18-24,Outros,2021-07-02,0.0,0.0,3.0,0,0,0,0,0.0,0,0,0,0.0,0,0
35-44,Masculino,2021-07-01,0.0,972.0,1226.0,"3,62","15,00","12,00",0,0.0,"2,00","59,80","2,00",0.0,0,0
18-24,Masculino,2021-07-01,0.0,188.0,234.0,"0,43",0,0,0,0.0,0,0,0,0.0,0,0
45-54,Feminino,2021-07-01,0.0,1448.0,1690.0,"8,25","69,00","58,00","1,00",0.0,"18,00","1003,11","14,00",0.0,"105,41","1,00"
25-34,Feminino,2021-07-01,0.0,3628.0,4459.0,"11,57","119,00","99,00","8,00",0.0,"54,00","5598,30","29,00",0.0,"622,21","8,00"
35-44,Feminino,2021-07-01,0.0,3316.0,4250.0,"17,37","206,00","188,00","11,00",0.0,"95,00","6031,40","65,00",0.0,"1060,10","11,00"
55-64,Feminino,2021-07-01,0.0,492.0,611.0,"3,22","20,00","18,00",0,0.0,0,0,0,0.0,0,0
45-54,Masculino,2021-07-01,0.0,832.0,841.0,"2,10","8,00","8,00",0,0.0,"3,00","149,40","2,00",0.0,0,0
25-34,Masculino,2021-07-01,0.0,812.0,1143.0,"2,68","9,00","7,00","1,00",0.0,"1,00","49,90","1,00",0.0,"49,90","1,00"
18-24,Feminino,2021-07-01,0.0,604.0,812.0,"1,25","8,00","6,00",0,0.0,"8,00","568,30","4,00",0.0,0,0
45-54,Outros,2021-07-01,0.0,0.0,1.0,0,0,0,0,0.0,0,0,0,0.0,0,0
55-64,Masculino,2021-07-01,0.0,400.0,400.0,"1,07","2,00","1,00",0,0.0,0,0,0,0.0,0,0
65+,Feminino,2021-07-01,0.0,212.0,230.0,"0,88","2,00","1,00",0,0.0,0,0,0,0.0,0,0
65+,Masculino,2021-07-01,0.0,136.0,157.0,"0,48",0,0,0,0.0,0,0,0,0.0,0,0
25-34,Outros,2021-07-01,0.0,4.0,4.0,0,0,0,0,0.0,0,0,0,0.0,0,0
35-44,Outros,2021-07-01,0.0,0.0,5.0,"0,03",0,0,0,0.0,0,0,0,0.0,0,0
